"sss","V2"
"FS15RFS4074","1"
"FS15RFS4074","2"
"FS15RFS4074","3"
"FS15RFS4079","1"
"FS15RFS4079","2"
"FS15RFS4079","3"
"FS15RFS4079","4"
"FS15RFS4079","5"
"FS15RFS4079","6"
"FS15RFS4090","1"
"FS15RFS4090","2"
"FS15RFS4090","3"
"FS15RFS4090","4"
"FS15RFS4090","5"
"FS15RFS4090","6"
"FS15RFS4090","7"
"FS15RFS4131","1"
"FS15RFS4131","2"
"FS15RFS4131","3"
"FS15RFS4131","4"
"FS15RFS4131","5"
"FS15RFS4131","6"
"FS15RFS4131","7"
"FS15RFS4131","8"
"FS15RFS4137","1"
"FS15RFS4137","2"
"FS15RFS4137","3"
"FS15RFS4142","1"
"FS15RFS4144","1"
"FS15RFS4144","2"
"FS15RFS4150","1"
"FS15RFS4150","2"
"FS15RFS4150","3"
"FS15RFS4152","1"
"FS15RFS4152","2"
"FS15RFS4152","3"
"FS15RFS4152","4"
"FS15RFS4164","1"
"FS15RFS4164","2"
"FS15RFS4164","3"
"FS15RFS4164","4"
"FS15RFS4164","5"
"FS15RFS4167","1"
"FS15RFS4167","2"
"FS15RFS4167","3"
"FS15RFS4167","4"
"FS15RFS4167","5"
"FS15RFS4167","6"
"FS15RFS4171","1"
"FS15RFS4171","2"
"FS15RFS4171","3"
"FS15RFS4171","4"
"FS15RFS4171","5"
"FS15RFS4171","6"
"FS15RFS4171","7"
"FS15RFS4173","1"
"FS15RFS4173","2"
"FS15RFS4173","3"
"FS15RFS4173","4"
"FS15RFS4173","5"
"FS15RFS4173","6"
"FS15RFS4173","7"
"FS15RFS4173","8"
"FS15RFS4186","1"
"FS15RFS4186","2"
"FS15RFS4186","3"
"FS15RFS4186","4"
"FS15RFS4186","5"
"FS15RFS4186","6"
"FS15RFS4186","7"
"FS15RFS4186","8"
"FS15RFS4186","9"
"FS15RFS4188","1"
"FS15RFS4188","10"
"FS15RFS4188","2"
"FS15RFS4188","3"
"FS15RFS4188","4"
"FS15RFS4188","5"
"FS15RFS4188","6"
"FS15RFS4188","7"
"FS15RFS4188","8"
"FS15RFS4188","9"
"FS15RFS4189","1"
"FS15RFS4189","10"
"FS15RFS4189","11"
"FS15RFS4189","2"
"FS15RFS4189","3"
"FS15RFS4189","4"
"FS15RFS4189","5"
"FS15RFS4189","6"
"FS15RFS4189","7"
"FS15RFS4189","8"
"FS15RFS4189","9"
"FS15RFS4193","1"
"FS15RFS4193","10"
"FS15RFS4193","11"
"FS15RFS4193","12"
"FS15RFS4193","2"
"FS15RFS4193","3"
"FS15RFS4193","4"
"FS15RFS4193","5"
"FS15RFS4193","6"
"FS15RFS4193","7"
"FS15RFS4193","8"
"FS15RFS4193","9"
"FS15RFS4196","1"
"FS15RFS4196","10"
"FS15RFS4196","11"
"FS15RFS4196","12"
"FS15RFS4196","13"
"FS15RFS4196","2"
"FS15RFS4196","3"
"FS15RFS4196","4"
"FS15RFS4196","5"
"FS15RFS4196","6"
"FS15RFS4196","7"
"FS15RFS4196","8"
"FS15RFS4196","9"
"FS15RFS4198","1"
"FS15RFS4198","10"
"FS15RFS4198","11"
"FS15RFS4198","12"
"FS15RFS4198","13"
"FS15RFS4198","14"
"FS15RFS4198","2"
"FS15RFS4198","3"
"FS15RFS4198","4"
"FS15RFS4198","5"
"FS15RFS4198","6"
"FS15RFS4198","7"
"FS15RFS4198","8"
"FS15RFS4198","9"
"FS15RFS4199","1"
"FS15RFS4199","10"
"FS15RFS4199","11"
"FS15RFS4199","12"
"FS15RFS4199","13"
"FS15RFS4199","14"
"FS15RFS4199","15"
"FS15RFS4199","2"
"FS15RFS4199","3"
"FS15RFS4199","4"
"FS15RFS4199","5"
"FS15RFS4199","6"
"FS15RFS4199","7"
"FS15RFS4199","8"
"FS15RFS4199","9"
"FS15RFS4204","1"
"FS15RFS4204","10"
"FS15RFS4204","11"
"FS15RFS4204","12"
"FS15RFS4204","13"
"FS15RFS4204","14"
"FS15RFS4204","15"
"FS15RFS4204","16"
"FS15RFS4204","2"
"FS15RFS4204","3"
"FS15RFS4204","4"
"FS15RFS4204","5"
"FS15RFS4204","6"
"FS15RFS4204","7"
"FS15RFS4204","8"
"FS15RFS4204","9"
"FS15RFS4206","1"
"FS15RFS4206","10"
"FS15RFS4206","11"
"FS15RFS4206","12"
"FS15RFS4206","13"
"FS15RFS4206","14"
"FS15RFS4206","15"
"FS15RFS4206","16"
"FS15RFS4206","17"
"FS15RFS4206","2"
"FS15RFS4206","3"
"FS15RFS4206","4"
"FS15RFS4206","5"
"FS15RFS4206","6"
"FS15RFS4206","7"
"FS15RFS4206","8"
"FS15RFS4206","9"
"FS15RFS4215","1"
"FS15RFS4221","1"
"FS15RFS4221","2"
"FS15RFS4230","1"
"FS15RFS4230","2"
"FS15RFS4230","3"
"FS15RFS4231","1"
"FS15RFS4231","2"
"FS15RFS4231","3"
"FS15RFS4231","4"
"FS15RFS4256","1"
"FS15RFS4256","2"
"FS15RFS4256","3"
"FS15RFS4256","4"
"FS15RFS4256","5"
"FS15RFS4278","1"
"FS15RFS4278","2"
"FS15RFS4278","3"
"FS15RFS4278","4"
"FS15RFS4278","5"
"FS15RFS4278","6"
"FS15RFS4278","7"
"FS15RFS4278","8"
"FS15RFS4280","1"
"FS15RFS4280","2"
"FS15RFS4280","3"
"FS15RFS4280","4"
"FS15RFS4280","5"
"FS15RFS4280","6"
"FS15RFS4280","7"
"FS15RFS4281","1"
"FS15RFS4281","2"
"FS15RFS4281","3"
"FS15RFS4281","4"
"FS15RFS4281","5"
"FS15RFS4281","6"
"FS15RFS4281","7"
"FS15RFS4281","8"
"FS15RFS4281","9"
"FS15RFS4282","1"
"FS15RFS4282","10"
"FS15RFS4282","2"
"FS15RFS4282","3"
"FS15RFS4282","4"
"FS15RFS4282","5"
"FS15RFS4282","6"
"FS15RFS4282","7"
"FS15RFS4282","8"
"FS15RFS4282","9"
"FS15RFS4283","1"
"FS15RFS4283","10"
"FS15RFS4283","11"
"FS15RFS4283","2"
"FS15RFS4283","3"
"FS15RFS4283","4"
"FS15RFS4283","5"
"FS15RFS4283","6"
"FS15RFS4283","7"
"FS15RFS4283","8"
"FS15RFS4283","9"
"FS15RFS4318","1"
"FS15RFS4318","10"
"FS15RFS4318","11"
"FS15RFS4318","12"
"FS15RFS4318","2"
"FS15RFS4318","3"
"FS15RFS4318","4"
"FS15RFS4318","5"
"FS15RFS4318","6"
"FS15RFS4318","7"
"FS15RFS4318","8"
"FS15RFS4318","9"
"FS15RFS4350","1"
"FS15RFS4350","10"
"FS15RFS4350","11"
"FS15RFS4350","12"
"FS15RFS4350","13"
"FS15RFS4350","2"
"FS15RFS4350","3"
"FS15RFS4350","4"
"FS15RFS4350","5"
"FS15RFS4350","6"
"FS15RFS4350","7"
"FS15RFS4350","8"
"FS15RFS4350","9"
"FS15RFS4354","1"
"FS15RFS4354","10"
"FS15RFS4354","11"
"FS15RFS4354","12"
"FS15RFS4354","13"
"FS15RFS4354","14"
"FS15RFS4354","2"
"FS15RFS4354","3"
"FS15RFS4354","4"
"FS15RFS4354","5"
"FS15RFS4354","6"
"FS15RFS4354","7"
"FS15RFS4354","8"
"FS15RFS4354","9"
"FS15RFS4388","1"
"FS15RFS4388","10"
"FS15RFS4388","11"
"FS15RFS4388","12"
"FS15RFS4388","13"
"FS15RFS4388","14"
"FS15RFS4388","15"
"FS15RFS4388","2"
"FS15RFS4388","3"
"FS15RFS4388","4"
"FS15RFS4388","5"
"FS15RFS4388","6"
"FS15RFS4388","7"
"FS15RFS4388","8"
"FS15RFS4388","9"
"FS15RFS4435","1"
"FS15RFS4435","10"
"FS15RFS4435","11"
"FS15RFS4435","12"
"FS15RFS4435","13"
"FS15RFS4435","14"
"FS15RFS4435","15"
"FS15RFS4435","16"
"FS15RFS4435","2"
"FS15RFS4435","3"
"FS15RFS4435","4"
"FS15RFS4435","5"
"FS15RFS4435","6"
"FS15RFS4435","7"
"FS15RFS4435","8"
"FS15RFS4435","9"
"FS15RFS4448","1"
"FS15RFS4448","10"
"FS15RFS4448","11"
"FS15RFS4448","12"
"FS15RFS4448","13"
"FS15RFS4448","14"
"FS15RFS4448","15"
"FS15RFS4448","16"
"FS15RFS4448","17"
"FS15RFS4448","2"
"FS15RFS4448","3"
"FS15RFS4448","4"
"FS15RFS4448","5"
"FS15RFS4448","6"
"FS15RFS4448","7"
"FS15RFS4448","8"
"FS15RFS4448","9"
"FS15RFS4453","1"
"FS15RFS4453","10"
"FS15RFS4453","11"
"FS15RFS4453","12"
"FS15RFS4453","13"
"FS15RFS4453","14"
"FS15RFS4453","15"
"FS15RFS4453","16"
"FS15RFS4453","17"
"FS15RFS4453","18"
"FS15RFS4453","2"
"FS15RFS4453","3"
"FS15RFS4453","4"
"FS15RFS4453","5"
"FS15RFS4453","6"
"FS15RFS4453","7"
"FS15RFS4453","8"
"FS15RFS4453","9"
"FS15RFS4516","1"
"FS15RFS4516","10"
"FS15RFS4516","11"
"FS15RFS4516","12"
"FS15RFS4516","13"
"FS15RFS4516","14"
"FS15RFS4516","15"
"FS15RFS4516","16"
"FS15RFS4516","17"
"FS15RFS4516","18"
"FS15RFS4516","19"
"FS15RFS4516","2"
"FS15RFS4516","3"
"FS15RFS4516","4"
"FS15RFS4516","5"
"FS15RFS4516","6"
"FS15RFS4516","7"
"FS15RFS4516","8"
"FS15RFS4516","9"
"FS15RFS4778","1"
"FS15RFS4778","10"
"FS15RFS4778","11"
"FS15RFS4778","12"
"FS15RFS4778","13"
"FS15RFS4778","14"
"FS15RFS4778","15"
"FS15RFS4778","16"
"FS15RFS4778","17"
"FS15RFS4778","18"
"FS15RFS4778","19"
"FS15RFS4778","2"
"FS15RFS4778","20"
"FS15RFS4778","3"
"FS15RFS4778","4"
"FS15RFS4778","5"
"FS15RFS4778","6"
"FS15RFS4778","7"
"FS15RFS4778","8"
"FS15RFS4778","9"
"FS15RFS4779","1"
"FS15RFS4779","10"
"FS15RFS4779","11"
"FS15RFS4779","12"
"FS15RFS4779","13"
"FS15RFS4779","14"
"FS15RFS4779","15"
"FS15RFS4779","16"
"FS15RFS4779","17"
"FS15RFS4779","18"
"FS15RFS4779","19"
"FS15RFS4779","2"
"FS15RFS4779","20"
"FS15RFS4779","21"
"FS15RFS4779","3"
"FS15RFS4779","4"
"FS15RFS4779","5"
"FS15RFS4779","6"
"FS15RFS4779","7"
"FS15RFS4779","8"
"FS15RFS4779","9"
"FS15RFS4848","1"
"FS15RFS4848","10"
"FS15RFS4848","11"
"FS15RFS4848","12"
"FS15RFS4848","13"
"FS15RFS4848","14"
"FS15RFS4848","15"
"FS15RFS4848","16"
"FS15RFS4848","17"
"FS15RFS4848","18"
"FS15RFS4848","19"
"FS15RFS4848","2"
"FS15RFS4848","20"
"FS15RFS4848","21"
"FS15RFS4848","22"
"FS15RFS4848","3"
"FS15RFS4848","4"
"FS15RFS4848","5"
"FS15RFS4848","6"
"FS15RFS4848","7"
"FS15RFS4848","8"
"FS15RFS4848","9"
"FS15RFS4860","1"
"FS15RFS4860","10"
"FS15RFS4860","11"
"FS15RFS4860","12"
"FS15RFS4860","13"
"FS15RFS4860","14"
"FS15RFS4860","15"
"FS15RFS4860","16"
"FS15RFS4860","17"
"FS15RFS4860","18"
"FS15RFS4860","19"
"FS15RFS4860","2"
"FS15RFS4860","20"
"FS15RFS4860","21"
"FS15RFS4860","22"
"FS15RFS4860","23"
"FS15RFS4860","3"
"FS15RFS4860","4"
"FS15RFS4860","5"
"FS15RFS4860","6"
"FS15RFS4860","7"
"FS15RFS4860","8"
"FS15RFS4860","9"
"FS15RFS4863","1"
"FS15RFS4863","10"
"FS15RFS4863","11"
"FS15RFS4863","12"
"FS15RFS4863","13"
"FS15RFS4863","14"
"FS15RFS4863","15"
"FS15RFS4863","16"
"FS15RFS4863","17"
"FS15RFS4863","18"
"FS15RFS4863","19"
"FS15RFS4863","2"
"FS15RFS4863","20"
"FS15RFS4863","21"
"FS15RFS4863","22"
"FS15RFS4863","23"
"FS15RFS4863","24"
"FS15RFS4863","3"
"FS15RFS4863","4"
"FS15RFS4863","5"
"FS15RFS4863","6"
"FS15RFS4863","7"
"FS15RFS4863","8"
"FS15RFS4863","9"
"FS15RFS4865","1"
"FS15RFS4897","1"
"FS15RFS4897","2"
"FS15RFS4900","1"
"FS15RFS4900","2"
"FS15RFS4900","3"
"FS15RFS4901","1"
"FS15RFS4901","2"
"FS15RFS4901","3"
"FS15RFS4901","4"
"FS15RFS4911","1"
"FS15RFS4911","2"
"FS15RFS4911","3"
"FS15RFS4911","4"
"FS15RFS4911","5"
"FS15RFS4946","1"
"FS15RFS4946","2"
"FS15RFS4946","3"
"FS15RFS4946","4"
"FS15RFS4946","5"
"FS15RFS4946","6"
"FS15RFS4947","1"
"FS15RFS4947","2"
"FS15RFS4947","3"
"FS15RFS4995","1"
"FS15RFS4995","2"
"FS15RFS4995","3"
"FS15RFS4995","4"
"FS15RFS4995","5"
"FS15RFS4995","6"
"FS15RFS4995","7"
"FS15RFS4995","8"
"FS15RFS4995","9"
"FS15RFS5012","1"
"FS15RFS5092","1"
"FS15RFS5092","2"
"FS15RFS5094","1"
"FS15RFS5094","2"
"FS15RFS5094","3"
"FS15RFS5115","1"
"FS15RFS5115","2"
"FS15RFS5115","3"
"FS15RFS5115","4"
"FS15RFS5148","1"
"FS15RFS5148","2"
"FS15RFS5148","3"
"FS15RFS5148","4"
"FS15RFS5148","5"
"FS15RFS5164","1"
"FS15RFS5164","10"
"FS15RFS5164","11"
"FS15RFS5164","12"
"FS15RFS5164","13"
"FS15RFS5164","14"
"FS15RFS5164","15"
"FS15RFS5164","16"
"FS15RFS5164","17"
"FS15RFS5164","18"
"FS15RFS5164","19"
"FS15RFS5164","2"
"FS15RFS5164","20"
"FS15RFS5164","21"
"FS15RFS5164","22"
"FS15RFS5164","23"
"FS15RFS5164","3"
"FS15RFS5164","4"
"FS15RFS5164","5"
"FS15RFS5164","6"
"FS15RFS5164","7"
"FS15RFS5164","8"
"FS15RFS5164","9"
"FS15RFS5178","1"
"FS15RFS5178","10"
"FS15RFS5178","11"
"FS15RFS5178","12"
"FS15RFS5178","13"
"FS15RFS5178","14"
"FS15RFS5178","15"
"FS15RFS5178","16"
"FS15RFS5178","17"
"FS15RFS5178","18"
"FS15RFS5178","19"
"FS15RFS5178","2"
"FS15RFS5178","20"
"FS15RFS5178","21"
"FS15RFS5178","22"
"FS15RFS5178","23"
"FS15RFS5178","24"
"FS15RFS5178","3"
"FS15RFS5178","4"
"FS15RFS5178","5"
"FS15RFS5178","6"
"FS15RFS5178","7"
"FS15RFS5178","8"
"FS15RFS5178","9"
"FS15RFS5186","1"
"FS15RFS5186","10"
"FS15RFS5186","11"
"FS15RFS5186","12"
"FS15RFS5186","13"
"FS15RFS5186","14"
"FS15RFS5186","15"
"FS15RFS5186","16"
"FS15RFS5186","17"
"FS15RFS5186","18"
"FS15RFS5186","19"
"FS15RFS5186","2"
"FS15RFS5186","20"
"FS15RFS5186","21"
"FS15RFS5186","22"
"FS15RFS5186","23"
"FS15RFS5186","24"
"FS15RFS5186","25"
"FS15RFS5186","3"
"FS15RFS5186","4"
"FS15RFS5186","5"
"FS15RFS5186","6"
"FS15RFS5186","7"
"FS15RFS5186","8"
"FS15RFS5186","9"
"FS15RFS5196","1"
"FS15RFS5196","10"
"FS15RFS5196","11"
"FS15RFS5196","12"
"FS15RFS5196","13"
"FS15RFS5196","14"
"FS15RFS5196","15"
"FS15RFS5196","16"
"FS15RFS5196","17"
"FS15RFS5196","18"
"FS15RFS5196","19"
"FS15RFS5196","2"
"FS15RFS5196","20"
"FS15RFS5196","21"
"FS15RFS5196","22"
"FS15RFS5196","23"
"FS15RFS5196","24"
"FS15RFS5196","25"
"FS15RFS5196","26"
"FS15RFS5196","3"
"FS15RFS5196","4"
"FS15RFS5196","5"
"FS15RFS5196","6"
"FS15RFS5196","7"
"FS15RFS5196","8"
"FS15RFS5196","9"
"FS15RFS5206","1"
"FS15RFS5206","10"
"FS15RFS5206","11"
"FS15RFS5206","12"
"FS15RFS5206","13"
"FS15RFS5206","14"
"FS15RFS5206","15"
"FS15RFS5206","16"
"FS15RFS5206","17"
"FS15RFS5206","18"
"FS15RFS5206","19"
"FS15RFS5206","2"
"FS15RFS5206","20"
"FS15RFS5206","21"
"FS15RFS5206","22"
"FS15RFS5206","23"
"FS15RFS5206","24"
"FS15RFS5206","25"
"FS15RFS5206","26"
"FS15RFS5206","27"
"FS15RFS5206","3"
"FS15RFS5206","4"
"FS15RFS5206","5"
"FS15RFS5206","6"
"FS15RFS5206","7"
"FS15RFS5206","8"
"FS15RFS5206","9"
"FS15RFS5212","1"
"FS15RFS5212","10"
"FS15RFS5212","11"
"FS15RFS5212","12"
"FS15RFS5212","13"
"FS15RFS5212","14"
"FS15RFS5212","15"
"FS15RFS5212","16"
"FS15RFS5212","17"
"FS15RFS5212","18"
"FS15RFS5212","19"
"FS15RFS5212","2"
"FS15RFS5212","20"
"FS15RFS5212","21"
"FS15RFS5212","22"
"FS15RFS5212","23"
"FS15RFS5212","24"
"FS15RFS5212","25"
"FS15RFS5212","26"
"FS15RFS5212","27"
"FS15RFS5212","28"
"FS15RFS5212","3"
"FS15RFS5212","4"
"FS15RFS5212","5"
"FS15RFS5212","6"
"FS15RFS5212","7"
"FS15RFS5212","8"
"FS15RFS5212","9"
"FS15RFS5227","1"
"FS15RFS5230","1"
"FS15RFS5230","2"
"FS15RFS5288","1"
"FS15RFS5288","2"
"FS15RFS5288","3"
"FS15RFS5288","4"
"FS15RFS5290","1"
"FS15RFS5290","2"
"FS15RFS5290","3"
"FS15RFS5290","4"
"FS15RFS5290","5"
"FS15RFS5302","1"
"FS15RFS5302","2"
"FS15RFS5302","3"
"FS15RFS5302","4"
"FS15RFS5302","5"
"FS15RFS5311","1"
"FS15RFS5311","2"
"FS15RFS5311","3"
"FS15RFS5311","4"
"FS15RFS5311","5"
"FS15RFS5311","6"
"FS15RFS5388","1"
"FS15RFS5410","1"
"FS15RFS5410","2"
"FS15RFS5425","1"
"FS15RFS5425","2"
"FS15RFS5425","3"
"FS15RFS5431","1"
"FS15RFS5431","2"
"FS15RFS5431","3"
"FS15RFS5431","4"
"FS15RFS5433","1"
"FS15RFS5433","2"
"FS15RFS5433","3"
"FS15RFS5433","4"
"FS15RFS5433","5"
"FS15RFS5433","6"
"FS15RFS5438","1"
"FS15RFS5438","2"
"FS15RFS5438","3"
"FS15RFS5438","4"
"FS15RFS5438","5"
"FS15RFS5438","6"
"FS15RFS5438","7"
"FS15RFS5475","1"
"FS15RFS5475","2"
"FS15RFS5475","3"
"FS15RFS5475","4"
"FS15RFS5475","5"
"FS15RFS5475","6"
"FS15RFS5475","7"
"FS15RFS5475","8"
"FS15RFS5486","1"
"FS15RFS5486","2"
"FS15RFS5486","3"
"FS15RFS5486","4"
"FS15RFS5486","5"
"FS15RFS5486","6"
"FS15RFS5486","7"
"FS15RFS5486","8"
"FS15RFS5486","9"
"FS15RFS5497","1"
"FS15RFS5497","10"
"FS15RFS5497","2"
"FS15RFS5497","3"
"FS15RFS5497","4"
"FS15RFS5497","5"
"FS15RFS5497","6"
"FS15RFS5497","7"
"FS15RFS5497","8"
"FS15RFS5497","9"
"FS15RFS5504","1"
"FS15RFS5504","10"
"FS15RFS5504","11"
"FS15RFS5504","2"
"FS15RFS5504","3"
"FS15RFS5504","4"
"FS15RFS5504","5"
"FS15RFS5504","6"
"FS15RFS5504","7"
"FS15RFS5504","8"
"FS15RFS5504","9"
"FS15RFS5507","1"
"FS15RFS5507","10"
"FS15RFS5507","11"
"FS15RFS5507","12"
"FS15RFS5507","2"
"FS15RFS5507","3"
"FS15RFS5507","4"
"FS15RFS5507","5"
"FS15RFS5507","6"
"FS15RFS5507","7"
"FS15RFS5507","8"
"FS15RFS5507","9"
"FS15RFS5508","1"
"FS15RFS5508","10"
"FS15RFS5508","11"
"FS15RFS5508","12"
"FS15RFS5508","13"
"FS15RFS5508","2"
"FS15RFS5508","3"
"FS15RFS5508","4"
"FS15RFS5508","5"
"FS15RFS5508","6"
"FS15RFS5508","7"
"FS15RFS5508","8"
"FS15RFS5508","9"
"FS15RFS5520","1"
"FS15RFS5553","1"
"FS15RFS5553","2"
"FS15RFS5565","1"
"FS15RFS5565","2"
"FS15RFS5565","3"
"FS15RFS5567","1"
"FS15RFS5567","2"
"FS15RFS5567","3"
"FS15RFS5567","4"
"FS15RFS5568","1"
"FS15RFS5568","2"
"FS15RFS5568","3"
"FS15RFS5568","4"
"FS15RFS5568","5"
"FS15RFS5614","1"
"FS15RFS5614","2"
"FS15RFS5614","3"
"FS15RFS5614","4"
"FS15RFS5614","5"
"FS15RFS5614","6"
"FS15RFS5620","1"
"FS15RFS5620","2"
"FS15RFS5620","3"
"FS15RFS5620","4"
"FS15RFS5620","5"
"FS15RFS5620","6"
"FS15RFS5620","7"
"FS15RFS5623","1"
"FS15RFS5623","2"
"FS15RFS5623","3"
"FS15RFS5623","4"
"FS15RFS5623","5"
"FS15RFS5623","6"
"FS15RFS5623","7"
"FS15RFS5623","8"
"FS15RFS5625","1"
"FS15RFS5625","2"
"FS15RFS5625","3"
"FS15RFS5625","4"
"FS15RFS5625","5"
"FS15RFS5625","6"
"FS15RFS5625","7"
"FS15RFS5625","8"
"FS15RFS5625","9"
"FS15RFS5638","1"
"FS15RFS5638","10"
"FS15RFS5638","2"
"FS15RFS5638","3"
"FS15RFS5638","4"
"FS15RFS5638","5"
"FS15RFS5638","6"
"FS15RFS5638","7"
"FS15RFS5638","8"
"FS15RFS5638","9"
"FS15RFS5648","1"
"FS15RFS5648","2"
"FS15RFS5650","1"
"FS15RFS5650","2"
"FS15RFS5650","3"
"FS15RFS5654","1"
"FS15RFS5654","2"
"FS15RFS5654","3"
"FS15RFS5654","4"
"FS15RFS5659","1"
"FS15RFS5659","2"
"FS15RFS5659","3"
"FS15RFS5659","4"
"FS15RFS5659","5"
"FS15RFS5662","1"
"FS15RFS5662","2"
"FS15RFS5662","3"
"FS15RFS5662","4"
"FS15RFS5662","5"
"FS15RFS5662","6"
"FS15RFS5683","1"
"FS15RFS5683","2"
"FS15RFS5683","3"
"FS15RFS5683","4"
"FS15RFS5683","5"
"FS15RFS5683","6"
"FS15RFS5683","7"
"FS15RFS5689","1"
"FS15RFS5689","2"
"FS15RFS5689","3"
"FS15RFS5689","4"
"FS15RFS5689","5"
"FS15RFS5689","6"
"FS15RFS5689","7"
"FS15RFS5689","8"
"FS15RFS5726","1"
"FS15RFS5726","2"
"FS15RFS5726","3"
"FS15RFS5726","4"
"FS15RFS5726","5"
"FS15RFS5726","6"
"FS15RFS5726","7"
"FS15RFS5726","8"
"FS15RFS5726","9"
"FS15RFS5730","1"
"FS15RFS5730","10"
"FS15RFS5730","2"
"FS15RFS5730","3"
"FS15RFS5730","4"
"FS15RFS5730","5"
"FS15RFS5730","6"
"FS15RFS5730","7"
"FS15RFS5730","8"
"FS15RFS5730","9"
"FS15RFS5731","1"
"FS15RFS5731","10"
"FS15RFS5731","11"
"FS15RFS5731","2"
"FS15RFS5731","3"
"FS15RFS5731","4"
"FS15RFS5731","5"
"FS15RFS5731","6"
"FS15RFS5731","7"
"FS15RFS5731","8"
"FS15RFS5731","9"
"FS15RFS5735","1"
"FS15RFS5735","10"
"FS15RFS5735","11"
"FS15RFS5735","12"
"FS15RFS5735","2"
"FS15RFS5735","3"
"FS15RFS5735","4"
"FS15RFS5735","5"
"FS15RFS5735","6"
"FS15RFS5735","7"
"FS15RFS5735","8"
"FS15RFS5735","9"
"FS15RFS5736","1"
"FS15RFS5736","10"
"FS15RFS5736","11"
"FS15RFS5736","12"
"FS15RFS5736","13"
"FS15RFS5736","2"
"FS15RFS5736","3"
"FS15RFS5736","4"
"FS15RFS5736","5"
"FS15RFS5736","6"
"FS15RFS5736","7"
"FS15RFS5736","8"
"FS15RFS5736","9"
"FS15RFS5760","1"
"FS15RFS5760","10"
"FS15RFS5760","11"
"FS15RFS5760","12"
"FS15RFS5760","13"
"FS15RFS5760","14"
"FS15RFS5760","2"
"FS15RFS5760","3"
"FS15RFS5760","4"
"FS15RFS5760","5"
"FS15RFS5760","6"
"FS15RFS5760","7"
"FS15RFS5760","8"
"FS15RFS5760","9"
"FS15RFS5801","1"
"FS15RFS5801","10"
"FS15RFS5801","11"
"FS15RFS5801","12"
"FS15RFS5801","13"
"FS15RFS5801","14"
"FS15RFS5801","15"
"FS15RFS5801","2"
"FS15RFS5801","3"
"FS15RFS5801","4"
"FS15RFS5801","5"
"FS15RFS5801","6"
"FS15RFS5801","7"
"FS15RFS5801","8"
"FS15RFS5801","9"
"FS15RFS5806","1"
"FS15RFS5806","10"
"FS15RFS5806","11"
"FS15RFS5806","12"
"FS15RFS5806","13"
"FS15RFS5806","14"
"FS15RFS5806","15"
"FS15RFS5806","16"
"FS15RFS5806","2"
"FS15RFS5806","3"
"FS15RFS5806","4"
"FS15RFS5806","5"
"FS15RFS5806","6"
"FS15RFS5806","7"
"FS15RFS5806","8"
"FS15RFS5806","9"
"FS15RFS5853","1"
"FS15RFS5853","10"
"FS15RFS5853","11"
"FS15RFS5853","12"
"FS15RFS5853","13"
"FS15RFS5853","14"
"FS15RFS5853","15"
"FS15RFS5853","16"
"FS15RFS5853","17"
"FS15RFS5853","2"
"FS15RFS5853","3"
"FS15RFS5853","4"
"FS15RFS5853","5"
"FS15RFS5853","6"
"FS15RFS5853","7"
"FS15RFS5853","8"
"FS15RFS5853","9"
"FS15RFS5868","1"
"FS21FS1001","1"
"FS21FS1001","2"
"FS21FS1029","1"
"FS21FS1029","2"
"FS21FS1029","3"
"FS21FS1050","1"
"FS21FS1050","2"
"FS21FS1050","3"
"FS21FS1050","4"
"FS21FS1051","1"
"FS21FS1051","2"
"FS21FS1051","3"
"FS21FS1051","4"
"FS21FS1051","5"
"FS21FS1061","1"
"FS21FS1061","2"
"FS21FS1061","3"
"FS21FS1061","4"
"FS21FS1061","5"
"FS21FS1061","6"
"FS21FS1063","1"
"FS21FS1063","2"
"FS21FS1063","3"
"FS21FS1063","4"
"FS21FS1063","5"
"FS21FS1063","6"
"FS21FS1063","7"
"FS21FS1069","1"
"FS21FS1069","2"
"FS21FS1069","3"
"FS21FS1069","4"
"FS21FS1069","5"
"FS21FS1069","6"
"FS21FS1069","7"
"FS21FS1069","8"
"FS21FS1074","1"
"FS21FS1074","2"
"FS21FS1074","3"
"FS21FS1074","4"
"FS21FS1074","5"
"FS21FS1074","6"
"FS21FS1074","7"
"FS21FS1074","8"
"FS21FS1074","9"
"FS21FS1075","1"
"FS21FS1075","10"
"FS21FS1075","2"
"FS21FS1075","3"
"FS21FS1075","4"
"FS21FS1075","5"
"FS21FS1075","6"
"FS21FS1075","7"
"FS21FS1075","8"
"FS21FS1075","9"
"FS21FS1077","1"
"FS21FS1077","10"
"FS21FS1077","11"
"FS21FS1077","2"
"FS21FS1077","3"
"FS21FS1077","4"
"FS21FS1077","5"
"FS21FS1077","6"
"FS21FS1077","7"
"FS21FS1077","8"
"FS21FS1077","9"
"FS21FS1082","1"
"FS21FS1082","10"
"FS21FS1082","11"
"FS21FS1082","12"
"FS21FS1082","2"
"FS21FS1082","3"
"FS21FS1082","4"
"FS21FS1082","5"
"FS21FS1082","6"
"FS21FS1082","7"
"FS21FS1082","8"
"FS21FS1082","9"
"FS21FS1090","1"
"FS21FS1090","10"
"FS21FS1090","11"
"FS21FS1090","12"
"FS21FS1090","13"
"FS21FS1090","2"
"FS21FS1090","3"
"FS21FS1090","4"
"FS21FS1090","5"
"FS21FS1090","6"
"FS21FS1090","7"
"FS21FS1090","8"
"FS21FS1090","9"
"FS21FS1105","1"
"FS21FS1105","10"
"FS21FS1105","11"
"FS21FS1105","12"
"FS21FS1105","13"
"FS21FS1105","14"
"FS21FS1105","2"
"FS21FS1105","3"
"FS21FS1105","4"
"FS21FS1105","5"
"FS21FS1105","6"
"FS21FS1105","7"
"FS21FS1105","8"
"FS21FS1105","9"
"FS21FS1125","1"
"FS21FS1125","10"
"FS21FS1125","11"
"FS21FS1125","12"
"FS21FS1125","13"
"FS21FS1125","14"
"FS21FS1125","15"
"FS21FS1125","2"
"FS21FS1125","3"
"FS21FS1125","4"
"FS21FS1125","5"
"FS21FS1125","6"
"FS21FS1125","7"
"FS21FS1125","8"
"FS21FS1125","9"
"FS21FS1137","1"
"FS21FS1137","10"
"FS21FS1137","11"
"FS21FS1137","12"
"FS21FS1137","13"
"FS21FS1137","14"
"FS21FS1137","15"
"FS21FS1137","16"
"FS21FS1137","2"
"FS21FS1137","3"
"FS21FS1137","4"
"FS21FS1137","5"
"FS21FS1137","6"
"FS21FS1137","7"
"FS21FS1137","8"
"FS21FS1137","9"
"FS21FS1140","1"
"FS21FS1140","10"
"FS21FS1140","11"
"FS21FS1140","12"
"FS21FS1140","13"
"FS21FS1140","14"
"FS21FS1140","15"
"FS21FS1140","16"
"FS21FS1140","17"
"FS21FS1140","2"
"FS21FS1140","3"
"FS21FS1140","4"
"FS21FS1140","5"
"FS21FS1140","6"
"FS21FS1140","7"
"FS21FS1140","8"
"FS21FS1140","9"
"FS21FS1146","1"
"FS21FS1148","1"
"FS21FS1148","2"
"FS21FS1149","1"
"FS21FS1149","2"
"FS21FS1149","3"
"FS21FS1157","1"
"FS21FS1157","2"
"FS21FS1157","3"
"FS21FS1157","4"
"FS21FS1162","1"
"FS21FS1162","2"
"FS21FS1162","3"
"FS21FS1162","4"
"FS21FS1162","5"
"FS21FS1168","1"
"FS21FS1168","2"
"FS21FS1168","3"
"FS21FS1168","4"
"FS21FS1168","5"
"FS21FS1168","6"
"FS21FS1174","1"
"FS21FS1174","2"
"FS21FS1174","3"
"FS21FS1174","4"
"FS21FS1174","5"
"FS21FS1174","6"
"FS21FS1174","7"
"FS21FS1176","1"
"FS21FS1176","2"
"FS21FS1176","3"
"FS21FS1176","4"
"FS21FS1176","5"
"FS21FS1176","6"
"FS21FS1176","7"
"FS21FS1176","8"
"FS21FS1180","1"
"FS21FS1180","2"
"FS21FS1180","3"
"FS21FS1180","4"
"FS21FS1180","5"
"FS21FS1180","6"
"FS21FS1180","7"
"FS21FS1180","8"
"FS21FS1180","9"
"FS21FS1182","1"
"FS21FS1182","10"
"FS21FS1182","2"
"FS21FS1182","3"
"FS21FS1182","4"
"FS21FS1182","5"
"FS21FS1182","6"
"FS21FS1182","7"
"FS21FS1182","8"
"FS21FS1182","9"
"FS21FS1184","1"
"FS21FS1184","10"
"FS21FS1184","11"
"FS21FS1184","2"
"FS21FS1184","3"
"FS21FS1184","4"
"FS21FS1184","5"
"FS21FS1184","6"
"FS21FS1184","7"
"FS21FS1184","8"
"FS21FS1184","9"
"FS21FS1185","1"
"FS21FS1185","10"
"FS21FS1185","11"
"FS21FS1185","12"
"FS21FS1185","2"
"FS21FS1185","3"
"FS21FS1185","4"
"FS21FS1185","5"
"FS21FS1185","6"
"FS21FS1185","7"
"FS21FS1185","8"
"FS21FS1185","9"
"FS21FS1189","1"
"FS21FS1189","10"
"FS21FS1189","11"
"FS21FS1189","12"
"FS21FS1189","13"
"FS21FS1189","2"
"FS21FS1189","3"
"FS21FS1189","4"
"FS21FS1189","5"
"FS21FS1189","6"
"FS21FS1189","7"
"FS21FS1189","8"
"FS21FS1189","9"
"FS21FS1190","1"
"FS21FS1190","10"
"FS21FS1190","11"
"FS21FS1190","12"
"FS21FS1190","13"
"FS21FS1190","14"
"FS21FS1190","2"
"FS21FS1190","3"
"FS21FS1190","4"
"FS21FS1190","5"
"FS21FS1190","6"
"FS21FS1190","7"
"FS21FS1190","8"
"FS21FS1190","9"
"FS21FS1194","1"
"FS21FS1194","10"
"FS21FS1194","11"
"FS21FS1194","12"
"FS21FS1194","13"
"FS21FS1194","14"
"FS21FS1194","15"
"FS21FS1194","2"
"FS21FS1194","3"
"FS21FS1194","4"
"FS21FS1194","5"
"FS21FS1194","6"
"FS21FS1194","7"
"FS21FS1194","8"
"FS21FS1194","9"
"FS21FS1230","1"
"FS21FS1230","10"
"FS21FS1230","11"
"FS21FS1230","12"
"FS21FS1230","13"
"FS21FS1230","14"
"FS21FS1230","15"
"FS21FS1230","16"
"FS21FS1230","2"
"FS21FS1230","3"
"FS21FS1230","4"
"FS21FS1230","5"
"FS21FS1230","6"
"FS21FS1230","7"
"FS21FS1230","8"
"FS21FS1230","9"
"FS21FS1243","1"
"FS21FS1243","10"
"FS21FS1243","11"
"FS21FS1243","12"
"FS21FS1243","13"
"FS21FS1243","14"
"FS21FS1243","15"
"FS21FS1243","16"
"FS21FS1243","17"
"FS21FS1243","2"
"FS21FS1243","3"
"FS21FS1243","4"
"FS21FS1243","5"
"FS21FS1243","6"
"FS21FS1243","7"
"FS21FS1243","8"
"FS21FS1243","9"
"FS21FS1247","1"
"FS21FS1247","10"
"FS21FS1247","11"
"FS21FS1247","12"
"FS21FS1247","13"
"FS21FS1247","14"
"FS21FS1247","15"
"FS21FS1247","16"
"FS21FS1247","17"
"FS21FS1247","18"
"FS21FS1247","2"
"FS21FS1247","3"
"FS21FS1247","4"
"FS21FS1247","5"
"FS21FS1247","6"
"FS21FS1247","7"
"FS21FS1247","8"
"FS21FS1247","9"
"FS21FS1249","1"
"FS21FS1249","10"
"FS21FS1249","11"
"FS21FS1249","12"
"FS21FS1249","13"
"FS21FS1249","14"
"FS21FS1249","15"
"FS21FS1249","16"
"FS21FS1249","17"
"FS21FS1249","18"
"FS21FS1249","19"
"FS21FS1249","2"
"FS21FS1249","3"
"FS21FS1249","4"
"FS21FS1249","5"
"FS21FS1249","6"
"FS21FS1249","7"
"FS21FS1249","8"
"FS21FS1249","9"
"FS21FS1251","1"
"FS21FS1251","10"
"FS21FS1251","11"
"FS21FS1251","12"
"FS21FS1251","13"
"FS21FS1251","14"
"FS21FS1251","15"
"FS21FS1251","16"
"FS21FS1251","17"
"FS21FS1251","18"
"FS21FS1251","19"
"FS21FS1251","2"
"FS21FS1251","20"
"FS21FS1251","3"
"FS21FS1251","4"
"FS21FS1251","5"
"FS21FS1251","6"
"FS21FS1251","7"
"FS21FS1251","8"
"FS21FS1251","9"
"FS21FS1253","1"
"FS21FS1253","10"
"FS21FS1253","11"
"FS21FS1253","12"
"FS21FS1253","13"
"FS21FS1253","14"
"FS21FS1253","15"
"FS21FS1253","16"
"FS21FS1253","17"
"FS21FS1253","18"
"FS21FS1253","19"
"FS21FS1253","2"
"FS21FS1253","20"
"FS21FS1253","21"
"FS21FS1253","3"
"FS21FS1253","4"
"FS21FS1253","5"
"FS21FS1253","6"
"FS21FS1253","7"
"FS21FS1253","8"
"FS21FS1253","9"
"FS21FS1255","1"
"FS21FS1255","10"
"FS21FS1255","11"
"FS21FS1255","12"
"FS21FS1255","13"
"FS21FS1255","14"
"FS21FS1255","15"
"FS21FS1255","16"
"FS21FS1255","17"
"FS21FS1255","18"
"FS21FS1255","19"
"FS21FS1255","2"
"FS21FS1255","20"
"FS21FS1255","21"
"FS21FS1255","22"
"FS21FS1255","3"
"FS21FS1255","4"
"FS21FS1255","5"
"FS21FS1255","6"
"FS21FS1255","7"
"FS21FS1255","8"
"FS21FS1255","9"
"FS21FS1257","1"
"FS21FS1257","10"
"FS21FS1257","11"
"FS21FS1257","12"
"FS21FS1257","13"
"FS21FS1257","14"
"FS21FS1257","15"
"FS21FS1257","16"
"FS21FS1257","17"
"FS21FS1257","18"
"FS21FS1257","19"
"FS21FS1257","2"
"FS21FS1257","20"
"FS21FS1257","21"
"FS21FS1257","22"
"FS21FS1257","23"
"FS21FS1257","3"
"FS21FS1257","4"
"FS21FS1257","5"
"FS21FS1257","6"
"FS21FS1257","7"
"FS21FS1257","8"
"FS21FS1257","9"
"FS21FS1274","1"
"FS21FS1274","10"
"FS21FS1274","11"
"FS21FS1274","12"
"FS21FS1274","13"
"FS21FS1274","14"
"FS21FS1274","15"
"FS21FS1274","16"
"FS21FS1274","17"
"FS21FS1274","18"
"FS21FS1274","19"
"FS21FS1274","2"
"FS21FS1274","20"
"FS21FS1274","21"
"FS21FS1274","22"
"FS21FS1274","23"
"FS21FS1274","24"
"FS21FS1274","3"
"FS21FS1274","4"
"FS21FS1274","5"
"FS21FS1274","6"
"FS21FS1274","7"
"FS21FS1274","8"
"FS21FS1274","9"
"FS21FS1327","1"
"FS21FS1327","10"
"FS21FS1327","11"
"FS21FS1327","12"
"FS21FS1327","13"
"FS21FS1327","14"
"FS21FS1327","15"
"FS21FS1327","16"
"FS21FS1327","17"
"FS21FS1327","18"
"FS21FS1327","19"
"FS21FS1327","2"
"FS21FS1327","20"
"FS21FS1327","21"
"FS21FS1327","22"
"FS21FS1327","23"
"FS21FS1327","24"
"FS21FS1327","25"
"FS21FS1327","3"
"FS21FS1327","4"
"FS21FS1327","5"
"FS21FS1327","6"
"FS21FS1327","7"
"FS21FS1327","8"
"FS21FS1327","9"
"FS21FS1334","1"
"FS21FS1352","1"
"FS21FS1352","2"
"FS21FS1357","1"
"FS21FS1357","2"
"FS21FS1357","3"
"FS21FS1359","1"
"FS21FS1359","2"
"FS21FS1359","3"
"FS21FS1359","4"
"FS21FS1424","1"
"FS21FS1424","2"
"FS21FS1424","3"
"FS21FS1424","4"
"FS21FS1424","5"
"FS21FS1432","1"
"FS21FS1432","2"
"FS21FS1432","3"
"FS21FS1432","4"
"FS21FS1432","5"
"FS21FS1432","6"
"FS21FS1454","1"
"FS21FS1454","2"
"FS21FS1454","3"
"FS21FS1454","4"
"FS21FS1454","5"
"FS21FS1454","6"
"FS21FS1454","7"
"FS21FS1497","1"
"FS21FS1497","2"
"FS21FS1497","3"
"FS21FS1497","4"
"FS21FS1497","5"
"FS21FS1497","6"
"FS21FS1497","7"
"FS21FS1497","8"
"FS21FS1524","1"
"FS21FS1524","2"
"FS21FS1524","3"
"FS21FS1524","4"
"FS21FS1524","5"
"FS21FS1524","6"
"FS21FS1524","7"
"FS21FS1524","8"
"FS21FS1524","9"
"FS21FS1542","1"
"FS21FS1542","10"
"FS21FS1542","2"
"FS21FS1542","3"
"FS21FS1542","4"
"FS21FS1542","5"
"FS21FS1542","6"
"FS21FS1542","7"
"FS21FS1542","8"
"FS21FS1542","9"
"FS21FS1652","1"
"FS21FS1652","10"
"FS21FS1652","11"
"FS21FS1652","2"
"FS21FS1652","3"
"FS21FS1652","4"
"FS21FS1652","5"
"FS21FS1652","6"
"FS21FS1652","7"
"FS21FS1652","8"
"FS21FS1652","9"
"FS21FS1654","1"
"FS21FS1654","10"
"FS21FS1654","11"
"FS21FS1654","12"
"FS21FS1654","2"
"FS21FS1654","3"
"FS21FS1654","4"
"FS21FS1654","5"
"FS21FS1654","6"
"FS21FS1654","7"
"FS21FS1654","8"
"FS21FS1654","9"
"FS21FS1669","1"
"FS21FS1669","10"
"FS21FS1669","11"
"FS21FS1669","12"
"FS21FS1669","13"
"FS21FS1669","2"
"FS21FS1669","3"
"FS21FS1669","4"
"FS21FS1669","5"
"FS21FS1669","6"
"FS21FS1669","7"
"FS21FS1669","8"
"FS21FS1669","9"
"FS21FS1675","1"
"FS21FS1675","10"
"FS21FS1675","11"
"FS21FS1675","12"
"FS21FS1675","13"
"FS21FS1675","14"
"FS21FS1675","2"
"FS21FS1675","3"
"FS21FS1675","4"
"FS21FS1675","5"
"FS21FS1675","6"
"FS21FS1675","7"
"FS21FS1675","8"
"FS21FS1675","9"
"FS21FS1689","1"
"FS21FS1691","1"
"FS21FS1691","2"
"FS21FS1713","1"
"FS21FS1713","2"
"FS21FS1713","3"
"FS21FS1757","1"
"FS21FS1757","2"
"FS21FS1757","3"
"FS21FS1757","4"
"FS21FS1758","1"
"FS21FS1758","2"
"FS21FS1758","3"
"FS21FS1758","4"
"FS21FS1758","5"
"FS21FS34","1"
"FS21FS34","2"
"FS21FS34","3"
"FS21FS34","4"
"FS21FS34","5"
"FS21FS34","6"
"FS21FS38","1"
"FS21FS38","2"
"FS21FS38","3"
"FS21FS38","4"
"FS21FS38","5"
"FS21FS38","6"
"FS21FS38","7"
"FS21FS9426","1"
"FS21FS9426","2"
"FS21FS9426","3"
"FS21FS9426","4"
"FS21FS9426","5"
"FS21FS9426","6"
"FS21FS9426","7"
"FS21FS9426","8"
"FS21FS9479","1"
"FS21FS9479","2"
"FS21FS9479","3"
"FS21FS9479","4"
"FS21FS9479","5"
"FS21FS9479","6"
"FS21FS9479","7"
"FS21FS9479","8"
"FS21FS9479","9"
"FS21FS9556","1"
"FS21FS9556","10"
"FS21FS9556","2"
"FS21FS9556","3"
"FS21FS9556","4"
"FS21FS9556","5"
"FS21FS9556","6"
"FS21FS9556","7"
"FS21FS9556","8"
"FS21FS9556","9"
"FS21FS9558","1"
"FS21FS9623","1"
"FS21FS9623","2"
"FS21FS9642","1"
"FS21FS9642","2"
"FS21FS9642","3"
"FS21FS9664","1"
"FS21FS9664","2"
"FS21FS9664","3"
"FS21FS9664","4"
"FS21FS9685","1"
"FS21FS9685","2"
"FS21FS9685","3"
"FS21FS9685","4"
"FS21FS9685","5"
"FS21FS9687","1"
"FS21FS9687","2"
"FS21FS9687","3"
"FS21FS9687","4"
"FS21FS9687","5"
"FS21FS9687","6"
"FS21FS9697","1"
"FS21FS9697","2"
"FS21FS9697","3"
"FS21FS9697","4"
"FS21FS9697","5"
"FS21FS9697","6"
"FS21FS9697","7"
"FS21FS9724","1"
"FS21FS9724","2"
"FS21FS9724","3"
"FS21FS9724","4"
"FS21FS9724","5"
"FS21FS9724","6"
"FS21FS9724","7"
"FS21FS9724","8"
"FS21FS9731","1"
"FS21FS9731","2"
"FS21FS9731","3"
"FS21FS9731","4"
"FS21FS9731","5"
"FS21FS9731","6"
"FS21FS9731","7"
"FS21FS9731","8"
"FS21FS9731","9"
"FS21FS9738","1"
"FS21FS9738","10"
"FS21FS9738","2"
"FS21FS9738","3"
"FS21FS9738","4"
"FS21FS9738","5"
"FS21FS9738","6"
"FS21FS9738","7"
"FS21FS9738","8"
"FS21FS9738","9"
"FS21FS9742","1"
"FS21FS9742","10"
"FS21FS9742","11"
"FS21FS9742","2"
"FS21FS9742","3"
"FS21FS9742","4"
"FS21FS9742","5"
"FS21FS9742","6"
"FS21FS9742","7"
"FS21FS9742","8"
"FS21FS9742","9"
"FS21FS9750","1"
"FS21FS9750","10"
"FS21FS9750","11"
"FS21FS9750","12"
"FS21FS9750","2"
"FS21FS9750","3"
"FS21FS9750","4"
"FS21FS9750","5"
"FS21FS9750","6"
"FS21FS9750","7"
"FS21FS9750","8"
"FS21FS9750","9"
"FS21FS9756","1"
"FS21FS9756","10"
"FS21FS9756","11"
"FS21FS9756","12"
"FS21FS9756","13"
"FS21FS9756","2"
"FS21FS9756","3"
"FS21FS9756","4"
"FS21FS9756","5"
"FS21FS9756","6"
"FS21FS9756","7"
"FS21FS9756","8"
"FS21FS9756","9"
"FS21FS9757","1"
"FS21FS9757","10"
"FS21FS9757","11"
"FS21FS9757","12"
"FS21FS9757","13"
"FS21FS9757","14"
"FS21FS9757","2"
"FS21FS9757","3"
"FS21FS9757","4"
"FS21FS9757","5"
"FS21FS9757","6"
"FS21FS9757","7"
"FS21FS9757","8"
"FS21FS9757","9"
"FS21FS9758","1"
"FS21FS9758","10"
"FS21FS9758","11"
"FS21FS9758","12"
"FS21FS9758","13"
"FS21FS9758","14"
"FS21FS9758","15"
"FS21FS9758","2"
"FS21FS9758","3"
"FS21FS9758","4"
"FS21FS9758","5"
"FS21FS9758","6"
"FS21FS9758","7"
"FS21FS9758","8"
"FS21FS9758","9"
"FS21FS9761","1"
"FS21FS9761","10"
"FS21FS9761","11"
"FS21FS9761","12"
"FS21FS9761","13"
"FS21FS9761","14"
"FS21FS9761","15"
"FS21FS9761","16"
"FS21FS9761","2"
"FS21FS9761","3"
"FS21FS9761","4"
"FS21FS9761","5"
"FS21FS9761","6"
"FS21FS9761","7"
"FS21FS9761","8"
"FS21FS9761","9"
"FS21FS9784","1"
"FS21FS9784","10"
"FS21FS9784","11"
"FS21FS9784","12"
"FS21FS9784","13"
"FS21FS9784","14"
"FS21FS9784","15"
"FS21FS9784","16"
"FS21FS9784","17"
"FS21FS9784","2"
"FS21FS9784","3"
"FS21FS9784","4"
"FS21FS9784","5"
"FS21FS9784","6"
"FS21FS9784","7"
"FS21FS9784","8"
"FS21FS9784","9"
"FS21FS9821","1"
"FS21FS9821","10"
"FS21FS9821","11"
"FS21FS9821","12"
"FS21FS9821","13"
"FS21FS9821","14"
"FS21FS9821","15"
"FS21FS9821","16"
"FS21FS9821","17"
"FS21FS9821","18"
"FS21FS9821","2"
"FS21FS9821","3"
"FS21FS9821","4"
"FS21FS9821","5"
"FS21FS9821","6"
"FS21FS9821","7"
"FS21FS9821","8"
"FS21FS9821","9"
"FS21FS9832","1"
"FS21FS9832","10"
"FS21FS9832","11"
"FS21FS9832","12"
"FS21FS9832","13"
"FS21FS9832","14"
"FS21FS9832","15"
"FS21FS9832","16"
"FS21FS9832","17"
"FS21FS9832","18"
"FS21FS9832","19"
"FS21FS9832","2"
"FS21FS9832","3"
"FS21FS9832","4"
"FS21FS9832","5"
"FS21FS9832","6"
"FS21FS9832","7"
"FS21FS9832","8"
"FS21FS9832","9"
"FS21FS9850","1"
"FS21FS9850","10"
"FS21FS9850","11"
"FS21FS9850","12"
"FS21FS9850","13"
"FS21FS9850","14"
"FS21FS9850","15"
"FS21FS9850","16"
"FS21FS9850","17"
"FS21FS9850","18"
"FS21FS9850","19"
"FS21FS9850","2"
"FS21FS9850","20"
"FS21FS9850","3"
"FS21FS9850","4"
"FS21FS9850","5"
"FS21FS9850","6"
"FS21FS9850","7"
"FS21FS9850","8"
"FS21FS9850","9"
"FS21FS9881","1"
"FS21FS9881","10"
"FS21FS9881","11"
"FS21FS9881","12"
"FS21FS9881","13"
"FS21FS9881","14"
"FS21FS9881","15"
"FS21FS9881","16"
"FS21FS9881","17"
"FS21FS9881","18"
"FS21FS9881","19"
"FS21FS9881","2"
"FS21FS9881","20"
"FS21FS9881","21"
"FS21FS9881","3"
"FS21FS9881","4"
"FS21FS9881","5"
"FS21FS9881","6"
"FS21FS9881","7"
"FS21FS9881","8"
"FS21FS9881","9"
"FS21FS9882","1"
"FS21FS9882","10"
"FS21FS9882","11"
"FS21FS9882","12"
"FS21FS9882","13"
"FS21FS9882","14"
"FS21FS9882","15"
"FS21FS9882","16"
"FS21FS9882","17"
"FS21FS9882","18"
"FS21FS9882","19"
"FS21FS9882","2"
"FS21FS9882","20"
"FS21FS9882","21"
"FS21FS9882","22"
"FS21FS9882","3"
"FS21FS9882","4"
"FS21FS9882","5"
"FS21FS9882","6"
"FS21FS9882","7"
"FS21FS9882","8"
"FS21FS9882","9"
"FS21FS9908","1"
"FS21FS9908","10"
"FS21FS9908","11"
"FS21FS9908","12"
"FS21FS9908","13"
"FS21FS9908","14"
"FS21FS9908","15"
"FS21FS9908","16"
"FS21FS9908","17"
"FS21FS9908","18"
"FS21FS9908","19"
"FS21FS9908","2"
"FS21FS9908","20"
"FS21FS9908","21"
"FS21FS9908","22"
"FS21FS9908","23"
"FS21FS9908","3"
"FS21FS9908","4"
"FS21FS9908","5"
"FS21FS9908","6"
"FS21FS9908","7"
"FS21FS9908","8"
"FS21FS9908","9"
"FS21FS9917","1"
"FS21FS9917","10"
"FS21FS9917","11"
"FS21FS9917","12"
"FS21FS9917","13"
"FS21FS9917","14"
"FS21FS9917","15"
"FS21FS9917","16"
"FS21FS9917","17"
"FS21FS9917","18"
"FS21FS9917","19"
"FS21FS9917","2"
"FS21FS9917","20"
"FS21FS9917","21"
"FS21FS9917","22"
"FS21FS9917","23"
"FS21FS9917","24"
"FS21FS9917","3"
"FS21FS9917","4"
"FS21FS9917","5"
"FS21FS9917","6"
"FS21FS9917","7"
"FS21FS9917","8"
"FS21FS9917","9"
"FS21FS9948","1"
"FS21FS9948","10"
"FS21FS9948","11"
"FS21FS9948","12"
"FS21FS9948","13"
"FS21FS9948","14"
"FS21FS9948","15"
"FS21FS9948","16"
"FS21FS9948","17"
"FS21FS9948","18"
"FS21FS9948","19"
"FS21FS9948","2"
"FS21FS9948","20"
"FS21FS9948","21"
"FS21FS9948","22"
"FS21FS9948","23"
"FS21FS9948","24"
"FS21FS9948","25"
"FS21FS9948","3"
"FS21FS9948","4"
"FS21FS9948","5"
"FS21FS9948","6"
"FS21FS9948","7"
"FS21FS9948","8"
"FS21FS9948","9"
"FS21FS9972","1"
"FS21FS9972","10"
"FS21FS9972","11"
"FS21FS9972","12"
"FS21FS9972","13"
"FS21FS9972","14"
"FS21FS9972","15"
"FS21FS9972","16"
"FS21FS9972","17"
"FS21FS9972","18"
"FS21FS9972","19"
"FS21FS9972","2"
"FS21FS9972","20"
"FS21FS9972","21"
"FS21FS9972","22"
"FS21FS9972","23"
"FS21FS9972","24"
"FS21FS9972","25"
"FS21FS9972","26"
"FS21FS9972","3"
"FS21FS9972","4"
"FS21FS9972","5"
"FS21FS9972","6"
"FS21FS9972","7"
"FS21FS9972","8"
"FS21FS9972","9"
